python编程 从入门到实践 零基础学python3.5 pathon核心技术网络,￥78.00,300+条评价,阅轩图书专营店
解析Python网络爬虫 核心技术 Scrapy框架 分布式,￥36.80,0条评价,蓝墨水图书专营店
包邮Django 2.0 入门与实践 +玩转Python网络,￥110.60,3条评价,蓝墨水图书专营店
Python编程从入门到实践python3.0绝技核心编程基础教程网络入门,￥52.80,300+条评价,润知天下图书专营店
从零开始学Python网络爬虫 Python编程 Python入门到实践 网络,￥46.90,40+条评价,旷氏文豪图书专营店
包邮 玩转Django 2.0+玩转Python网络爬虫书籍 黄永祥,￥98.50,9条评价,蓝墨水图书专营店
包邮 虫术 Python绝技+用Python写网络第2版+Python 3网络开发实战,￥183.50,2条评价,蓝墨水图书专营店
正版 Python编程从入门到实践 python3.0 绝技核心编程基础视频教程网络入门 p,￥62.90,0条评价,华文兄弟图书专营店
用Python写网络爬虫 第2版 爬虫书籍教程 数据爬取采集分析教程,￥33.80,2条评价,蓝墨水图书专营店
包邮 Python爬虫开发与项目实战+Python网络实战 2本 网络,￥103.50,1条评价,蓝墨水图书专营店
Python编程从入门到精通书籍 web开发大数据网络项目开发实战,￥53.80,0条评价,蓝墨水图书专营店
包邮 Python 3爬虫、数据清洗与可视化实战 零一 python3网络教程,￥36.60,0条评价,春雨图书专营店
【包邮】笨办法学Python3+Python3 网络开发实战+Python 3,￥155.60,0条评价,蓝墨水图书专营店
Python编程快速上手+Java编程思想（第4版）全2册 网络计算机 视频编程从入门到精通,￥177.00,0条评价,馨园青图书专营店
Python编程快速上手+Java编程思想（第4版）全2册 网络计算机 视频编程从入门到精通,￥177.00,0条评价,墨涵图书专营店
Python从小白到大牛 程序设计Python爬虫科学计算机器学习,￥63.80,5条评价,蓝墨水图书专营店
神奇动物档案:爬虫 童书 书籍 科普/百科,￥18.80,0条评价,读买天下图书专营店
毫无障碍学Python编程从入门到实践python3.0绝技核心编程教程网络入门,￥42.50,60+条评价,蓝墨水图书专营店
用Python写网络爬虫 第二2版 python3网络开发实战 教程 数据爬,￥35.80,0条评价,凤凰新华书店旗舰店
包邮 玩转Python网络爬虫 黄永祥 著 程序设计Python网络 清华大学出版社,￥51.80,0条评价,兰兴达图书专营店
神奇动物档案:爬虫 童书 书籍 《四大名著》2人拼购进行中~,￥18.80,0条评价,蔚蓝书店
包邮 Django 2.0 入门与实践+玩转Python网络 Django 2.0开发教程书,￥110.60,0条评价,春雨图书专营店
少儿科普书系奇妙的爬虫 畅销书籍 童书 正版 (英)嘉莉・洛夫,￥30.10,0条评价,智胜图书专营店
包邮 Python 3网络爬虫开发实战 Python 3开发,￥71.60,0条评价,春雨图书专营店
包邮 玩转Django 2.0+玩转Python网络爬虫书籍 黄永祥2本,￥97.50,0条评价,春雨图书专营店
【正版包邮】网络爬虫全解析 技术、原理与实践 网络教程 python网络,￥51.50,9条评价,蓝墨水图书专营店
包邮 虫术Python绝技+Python3爬虫数据清洗与可视化实战 python3网络教程,￥109.80,0条评价,蓝墨水图书专营店
Python数据分析基础 Python编程数据处理从入门到实践核心编程基础教程网络入门pyt,￥44.17,1条评价,五星同辉图书专营店
包邮 Python爬虫开发与项目实战+Python网络实战 2本 网络,￥103.50,0条评价,旷氏文豪图书专营店
包邮 Python网络爬虫实战 第2版+用Python写网络 2本,￥94.60,0条评价,春雨图书专营店
python编程 从入门到实践 零基础学python3.5 pathon核心技术网络,￥78.00,300+条评价,阅轩图书专营店
解析Python网络爬虫 核心技术 Scrapy框架 分布式,￥36.80,0条评价,蓝墨水图书专营店
包邮Django 2.0 入门与实践 +玩转Python网络,￥110.60,3条评价,蓝墨水图书专营店
Python编程从入门到实践python3.0绝技核心编程基础教程网络入门,￥52.80,300+条评价,润知天下图书专营店
从零开始学Python网络爬虫 Python编程 Python入门到实践 网络,￥46.90,40+条评价,旷氏文豪图书专营店
包邮 玩转Django 2.0+玩转Python网络爬虫书籍 黄永祥,￥98.50,9条评价,蓝墨水图书专营店
包邮 虫术 Python绝技+用Python写网络第2版+Python 3网络开发实战,￥183.50,2条评价,蓝墨水图书专营店
正版 Python编程从入门到实践 python3.0 绝技核心编程基础视频教程网络入门 p,￥62.90,0条评价,华文兄弟图书专营店
用Python写网络爬虫 第2版 爬虫书籍教程 数据爬取采集分析教程,￥33.80,2条评价,蓝墨水图书专营店
包邮 Python爬虫开发与项目实战+Python网络实战 2本 网络,￥103.50,1条评价,蓝墨水图书专营店
Python编程从入门到精通书籍 web开发大数据网络项目开发实战,￥53.80,0条评价,蓝墨水图书专营店
包邮 Python 3爬虫、数据清洗与可视化实战 零一 python3网络教程,￥36.60,0条评价,春雨图书专营店
【包邮】笨办法学Python3+Python3 网络开发实战+Python 3,￥155.60,0条评价,蓝墨水图书专营店
Python编程快速上手+Java编程思想（第4版）全2册 网络计算机 视频编程从入门到精通,￥177.00,0条评价,馨园青图书专营店
Python编程快速上手+Java编程思想（第4版）全2册 网络计算机 视频编程从入门到精通,￥177.00,0条评价,墨涵图书专营店
Python从小白到大牛 程序设计Python爬虫科学计算机器学习,￥63.80,5条评价,蓝墨水图书专营店
神奇动物档案:爬虫 童书 书籍 科普/百科,￥18.80,0条评价,读买天下图书专营店
毫无障碍学Python编程从入门到实践python3.0绝技核心编程教程网络入门,￥42.50,60+条评价,蓝墨水图书专营店
用Python写网络爬虫 第二2版 python3网络开发实战 教程 数据爬,￥35.80,0条评价,凤凰新华书店旗舰店
包邮 玩转Python网络爬虫 黄永祥 著 程序设计Python网络 清华大学出版社,￥51.80,0条评价,兰兴达图书专营店
神奇动物档案:爬虫 童书 书籍 《四大名著》2人拼购进行中~,￥18.80,0条评价,蔚蓝书店
包邮 Django 2.0 入门与实践+玩转Python网络 Django 2.0开发教程书,￥110.60,0条评价,春雨图书专营店
少儿科普书系奇妙的爬虫 畅销书籍 童书 正版 (英)嘉莉・洛夫,￥30.10,0条评价,智胜图书专营店
包邮 Python 3网络爬虫开发实战 Python 3开发,￥71.60,0条评价,春雨图书专营店
包邮 玩转Django 2.0+玩转Python网络爬虫书籍 黄永祥2本,￥97.50,0条评价,春雨图书专营店
【正版包邮】网络爬虫全解析 技术、原理与实践 网络教程 python网络,￥51.50,9条评价,蓝墨水图书专营店
包邮 虫术Python绝技+Python3爬虫数据清洗与可视化实战 python3网络教程,￥109.80,0条评价,蓝墨水图书专营店
